Sakabay;04049584800000;sakabay;BEAUTE;AADELSON;VAL;Ap #122-5198 Ac Avenue;Apatou;;sakabay@gmail.com
Nam Consulting;71241041400007;nam-consulting;BEAUTE;JDUJARDIN;VAL;P.O. Box 488, 981 Fermentum Rd.;Awala-Yalimapo;COIF|ESTH;nam-consulting@gmail.com
Donec Corporation;50909851300005;donec-corporation;BEAUTE;35382;VAL;P.O. Box 832, 7722 Urna, Avenue;Camopi;MASS;donec-corporation@gmail.com
Orci Corp.;72480124600005;orci-corp;BEAUTE;41882;ENC;Ap #376-2995 Cras Av.;Cayenne;;orci-corp@gmail.com
Neque LLC;93138011700008;neque-llc;BEAUTE;22429;REF;748-5675 Non Street;Grand-Santi;;neque-llc@gmail.com
Phasellus Inc.;38058613100001;phasellus-inc;BEAUTE;97099;VAL;P.O. Box 414, 6545 Vulputate St.;Iracoubo;;phasellus-inc@gmail.com
Sem Inc.;19701630600007;sem-inc;RESTAU;52847;VAL;618-903 Dictum Av.;Kourou;;sem-inc@gmail.com
Mi Company;73612984200000;mi-company;RESTAU;00918;VAL;7403 Ullamcorper, Road;Macouria;HOT|REST;mi-company@gmail.com
Pretium Neque Consulting;41946838400005;semper-pretium-neque-consulting;RESTAU;38027;VAL;5947 Elit, Rd.;Mana;REST|TRAIT;semper-pretium-neque-consulting@gmail.com
Velit Inc.;85788587500008;velit-inc;RESTAU;36056;ENC;231-2158 Integer Av.;Maripasoula;;velit-inc@gmail.com
Nascetur LLP;24246513600008;nascetur-llp;RESTAU;73641;REF;2829 Lobortis St.;Matoury;;nascetur-llp@gmail.com
Nascetur Ridiculus Mus LLP;05763324000007;nascetur-ridiculus-mus-llp;RESTAU;79543;VAL;1507 Ullamcorper. Street;Montsinéry-Tonnegrande;;nascetur-ridiculus-mus-llp@gmail.com
Semper Pretium Neque Consulting;89760990500004;duis-mi-pc;SERV;18948;VAL;993-3799 Dapibus Road;Ouanary;;duis-mi-pc@gmail.com
Gravida Mauris Ut Foundation;02740314600007;gravida-mauris-ut-foundation;SERV;45264;VAL;2452 Nec, St.;Papaichton;INFELEC;gravida-mauris-ut-foundation@gmail.com
Urna Nullam Lobortis LLC;62899899900005;urna-nullam-lobortis-llc;SERV;39193;VAL;P.O. Box 777, 7856 Sollicitudin Road;Régina;INF;urna-nullam-lobortis-llc@gmail.com
Euismod Urna Inc.;15702008200002;euismod-urna-inc;SERV;62050;ENC;9562 Elit Street;Régina;;euismod-urna-inc@gmail.com
Rutrum Justo Institute;22037405200003;rutrum-justo-instituteap;SERV;41443;ENC;3597 Fames St.;Remire-Montjoly;;rutrum-justo-instituteap@gmail.com
Dui Cum Sociis Institute;09097284500003;dui-cum-sociis-institute;SERV;83391;VAL;P.O. Box 975, 2370 Laoreet Av.;Roura;;dui-cum-sociis-institute@gmail.com
Tincidunt Inc.;47006878400003;tincidunt-inc;COMM;78633;VAL;5484 Purus. Av.;Saint-Élie;;tincidunt-inc@gmail.com
Lorem Luctus Ut Corporation;70543492600006;lorem-luctus-ut-corporation;COMM;92121;VAL;755-1038 Mi. Av.;Saint-Georges;;lorem-luctus-ut-corporation@gmail.com
Neque Associates;60195609700005;neque-associates;COMM;02591;VAL;Ap #571-4131 Sem Avenue;Saint-Laurent-du-Maroni;SUP;neque-associates@gmail.com
Vel Sapien Imperdiet Incorporated;43101738300008;vel-sapien-imperdiet-incorporated;COMM;32187;ENC;Ap #867-3164 Laoreet St.;Saül;PRET;vel-sapien-imperdiet-incorporated@gmail.com
Rhoncus Donec Est Industries;06693889500001;rhoncus-donec-est-industries;COMM;53600;ENC;Ap #686-1488 Libero. Avenue;Sinnamary;;rhoncus-donec-est-industries@gmail.com
Enim Suspendisse Aliquet Inc.;17097955300006;enim-suspendisse-aliquet-inc;COMM;97593;VAL;9671 Non, Rd.;Apatou;;enim-suspendisse-aliquet-inc@gmail.com
Hendrerit Foundation;14368855400003;hendrerit-foundation;BAT;84761;VAL;215-4784 Tempor Rd.;Awala-Yalimapo;;hendrerit-foundation@gmail.com
Phasellus Dapibus Quam Institute;61668696000009;phasellus-dapibus-quam-institute;BAT;59650;VAL;Ap #733-1685 Senectus St.;Camopi;AGENIMO;phasellus-dapibus-quam-institute@gmail.com
Tempor Corporation;06866947200000;tempor-corporation;BAT;10478;VAL;459-7382 Justo Ave;Cayenne;MATPRE;tempor-corporation@gmail.com
Et Incorporated;51031621900003;et-incorporated;BAT;28561;ENC;Ap #271-1716 Sit Ave;Grand-Santi;;et-incorporated@gmail.com
Justo Eu Industries;90775836100006;justo-eu-industries;BAT;87428;ENC;P.O. Box 939, 3435 Ac Road;Iracoubo;;justo-eu-industries@gmail.com
Nisl Corporation;34628627100009;nisl-corporation;BAT;86905;VAL;P.O. Box 739, 1308 Placerat, Avenue;Kourou;;nisl-corporation@gmail.com
Porttitor Interdum Sed PC;64359653900004;porttitor-interdum-se-pc;AGRO;06765;VAL;6611 Odio Road;Macouria;;porttitor-interdum-se-pc@gmail.com
Nunc Incorporated;54973484600005;nunc-incorporated;AGRO;43602;VAL;Ap #279-1183 Facilisis St.;Mana;PECH|CHASS;nunc-incorporated@gmail.com
Sed Institute;18903729400007;sed-institute;AGRO;04757;VAL;P.O. Box 574, 5814 Convallis Road;Maripasoula;ELEV|AGR;sed-institute@gmail.com
Magnis Dis Parturient Consulting;07502740900004;magnis-dis-parturient-consulting;AGRO;63428;ENC;585-558 Nulla Rd.;Matoury;;magnis-dis-parturient-consulting@gmail.com
Purus Nullam Scelerisque LLC;42521163800001;purus-nullam-scelerisque-llc;AGRO;46740;ENC;Ap #746-1797 Diam. St.;Montsinéry-Tonnegrande;;purus-nullam-scelerisque-llc@gmail.com
Vulputate Dui Company;59988999500008;vulputate-dui-company;AGRO;72789;VAL;P.O. Box 302, 4177 Mauris Avenue;Ouanary;;vulputate-dui-company@gmail.com
Dui Nec Associates;82890268400004;dui-nec-associates;EVEN;80505;VAL;Ap #629-7666 Magna. Avenue;Papaichton;;dui-nec-associates@gmail.com
Scelerisque Scelerisque Dui Ltd;16799175100006;scelerisque-scelerisque-dui-ltd;EVEN;49210;VAL;P.O. Box 120, 5355 Magna, Street;Régina;DJ;scelerisque-scelerisque-dui-ltd@gmail.com
Tincidunt Donec Incorporated;48884997700001;tincidunt-donec-dncorporated;EVEN;80505;VAL;P.O. Box 795, 9055 Primis Av.;Remire-Montjoly;LOCSALL;tincidunt-donec-dncorporated@gmail.com
Dis LLP;33137159100008;dis-llp;EVEN;72789;ENC;P.O. Box 807, 9952 Eu Rd.;Roura;;dis-llp@gmail.com
Egestas Limited;49261919200007;egestas-limited;EVEN;46740;REF;7877 Ultrices Av.;Saint-Élie;;egestas-limited@gmail.com
Fringilla Euismod Incorporated;47330639700000;fringilla-euismod-incorporated;EVEN;63428;VAL;202-5932 Arcu Street;Saint-Georges;;fringilla-euismod-incorporated@gmail.com
Convallis Consulting;43539522300009;convallis-consulting;EVEN;04757;VAL;P.O. Box 466, 6782 Nibh. Street;Saint-Laurent-du-Maroni;;convallis-consulting@gmail.com
Nullam Corp.;41958654000009;nullam-corp;BEAUTE;43602;VAL;290-6951 Orci. St.;Saül;;nullam-corp@gmail.com
Tempor Arcu Vestibulum Consulting;89099244900003;tempor-arcu-vestibulum-consulting;RESTAU;06765;VAL;6939 Malesuada. Avenue;Sinnamary;;tempor-arcu-vestibulum-consulting@gmail.com
Ridiculus Mus Ltd;18938477900006;ridiculus-mus-ltd;SERV;86905;VAL;8107 Non St.;Apatou;;ridiculus-mus-ltd@gmail.com
Risus Company;35510380500006;risus-company;COMM;87428;VAL;777-7408 Nulla St.;Awala-Yalimapo;;risus-company@gmail.com
Eget Magna Suspendisse Institute;73431343000005;eget-magna-suspendisse-institute;BAT;28561;VAL;808-5980 Vitae Rd.;Camopi;;eget-magna-suspendisse-institute@gmail.com
Quam Dignissim Associates;50994438500004;quam-dignissim-associates;AGRO;10478;VAL;Ap #155-8862 In Street;Cayenne;;quam-dignissim-associates@gmail.com
